11092026032032, 14, "Stanley #2 flat screwdriver", 6.95, 2, 0.0, $13.90, September 11, 2026, 3:20:32 AM EDT
11092026032032, 228865X, "3M Super 33+ electrical tape box 10", 32.5, 6, 0.1, $175.50, September 11, 2026, 3:20:32 AM EDT

11092026120337, SPCBORA, "Specialized S-Works Tarmac SL9 Bora-Hansgrohe", 5999.99, 1, 0.0, $5,999.99, September 11, 2026, 12:03:37 PM EDT
11092026120337, 22389, "Swingline Model B2200 Red stapler", 18.0, 10, 0.15, $153.00, September 11, 2026, 12:03:37 PM EDT
11092026120337, 582913, "Look Keo 2 Max pedals", 135.0, 1, 0.0, $135.00, September 11, 2026, 12:03:37 PM EDT
11092026120337, 8543, "Ritchey 1 inch threaded headset - silver", 45.0, 1, 0.0, $45.00, September 11, 2026, 12:03:37 PM EDT

11092026120936, 1111, "Top Secret Twenty One - Janet Evanovich", 8.99, 25, 0.2, $179.80, September 11, 2026, 12:09:36 PM EDT
11092026120936, 47831, "8x10 picture frame", 4.95, 3, 0.0, $14.85, September 11, 2026, 12:09:36 PM EDT
11092026120936, 29741, "Plush teddy bear 8 inch", 24.0, 1, 0.0, $24.00, September 11, 2026, 12:09:36 PM EDT
11092026120936, RTX3452, "Laser Pointer", 38.8, 1, 0.0, $38.80, September 11, 2026, 12:09:36 PM EDT
11092026120936, 198, "Box of 10 Sharpie Roller 0.5mm", 6.5, 1, 0.0, $6.50, September 11, 2026, 12:09:36 PM EDT

11092026123155, 455654, "Park Tool 8mm threaded hook", 6.95, 8, 0.1, $50.04, September 11, 2026, 12:31:55 PM EDT
11092026123155, 268, "Sidi Wire 2 carbon shoes - size 48", 499.99, 1, 0.0, $499.99, September 11, 2026, 12:31:55 PM EDT
11092026123155, 3451, "Oakley Jawbreaker sunglasses", 236.0, 1, 0.0, $236.00, September 11, 2026, 12:31:55 PM EDT
11092026123155, 14909, "1/4in - 28tpi SS nuts", 1.0, 150, 0.2, $120.00, September 11, 2026, 12:31:55 PM EDT
11092026123155, 113355, "The Bourne Identity - blu-ray", 15.95, 2, 0.0, $31.90, September 11, 2026, 12:31:55 PM EDT

11092026123820, SPCWORX, "Specialized S-Works Tarmac SL9 SD-Worx", 5999.99, 1, 0.0, $5,999.99, September 11, 2026, 12:38:20 PM EDT

11092026123900, 2234983, "Wilson NCAA official softball - 1 doz", 55.0, 2, 0.0, $110.00, September 11, 2026, 12:39:00 PM EDT
11092026123900, 2190, "Hefty 30 gal with handles - box 40", 19.0, 8, 0.1, $136.80, September 11, 2026, 12:39:00 PM EDT

11092026124034, 4499120, "M&Ms dark chocolate w/peanuts - 3oz", 2.5, 8, 0.1, $18.00, September 11, 2026, 12:40:34 PM EDT
11092026124034, 2, "Tamiya 2oz paint - ferrari red", 2.39, 3, 0.0, $7.17, September 11, 2026, 12:40:34 PM EDT
11092026124034, 67913, "Gios Torino t-shirt size XXL", 25.0, 1, 0.0, $25.00, September 11, 2026, 12:40:34 PM EDT

